ID,Description,setSize,enrichmentScore,NES,pvalue,p.adjust,qvalues,rank,leading_edge,core_enrichment
GO:0005615,extracellular space,492,0.6063106223258614,2.0761014894809895,1.0023053021950487e-4,0.0010769250034436554,6.19528459753388e-4,1712,"tags=32%, list=17%, signal=28%",Acp53Ea/EbpII/Acp53C14b/Ebp/Acp53C14a/Acp36DE/Acp98AB/Acp33A/Acp63F/Mst57Da/CG9029/Acp26Aa/BG642312/SP/CG17097/Dup99B/Spn38F/S-Lap7/Spn28F/Obp51a/Mst57Dc/Anp/Acp26Ab/Spn77Bb/Spn77Bc/fest/Sfp24Bb/Sfp26Ad/Acp76A/CG11037/CG17242/lectin-30A/Sfp33A3/Acp62F/Acp32CD/CG31680/CG17472/CG34051/CG4546/CG5402/CG31883/msopa/lectin-29Ca/CG3640/Acp29AB/CG11598/Spn75F/CG31659/Obp56f/CG14034/CG31418/CG10862/aqrs/CG17575/CG8564/lectin-46Cb/Obp22a/CG17380/Sfp53D/CG11112/Acp53C14c/CG31482/CG9997/CG34130/CG1701/CG6628/CG6888/CG34033/Sems/CG32313/Adgf-A2/lectin-46Ca/antr/CG34002/Qsox3/BG642163/CG15635/CG42827/CG32833/CG31496/Obp56i/CG4477/Spn28B/CG31515/CG11977/CG15116/Obp56g/CG6071/CG6168/Qsox2/CG13965/CG10407/mAcon2/Spn28Da/CG31286/Semp1/Sfp38D/CG11608/CG34460/PH4alphaNE2/CG10730/CG10587/CG18258/CG31419/CheB93a/CG11113/CG31704/CG10651/CG3544/CG30395/Adgf-E/CG34049/CG33259/sxe2/Qsox4/CG15641/CG15418/PPYR1/CG5267/Cpr67Fb/CG16820/Adgf-B/CG9168/Spn47C/CG15117/Lsp2/polyph/ND-51L2/CG13618/CG10041/mfas/CG30486/Spn53F/CG18628/CG5162/CG4815/CheB93b/Spn42Dd/CG11630/CG31296/CG4847/Spn42Dc/Spn28Db/CG34034/CG11854/Nep4/Dsk/CG6675/Cpr51A/Phk-3/CG8093/TotX/Spn42Db/Est-6/Ms/CCHa2/CG11664/Listericin/CG18641
GO:0044429,mitochondrial part,362,0.47263797670634167,1.608903336401627,1.0082677959265981e-4,0.0010769250034436554,6.19528459753388e-4,1339,"tags=19%, list=13%, signal=17%",CG9920/Hsp60C/COX4L/COX7AL/COX5BL/tomboy20/bb8/Slc25A46b/CG30412/CG3092/Tim13/ttm2/Porin2/CG17991/CG6661/CG32832/Tim17a1/ATPsynCF6L/Cyt-c-d/SdhBL/CG14740/P5CDh2/ttm3/Tengl3/ATPsynGL/tomboy40/UQCR-11L/Tengl4/COX6AL/CG16781/CG17300/ND-B14.5AL/CG4520/CG6629/CG10749/ND-49L/Tim17b1/GC2/Tengl1/UQCR-14L/CG18418/knon/CG5265/CG9863/CG7514/Hsp60D/CG10748/Ant2/SdhAL/Cyt-c1L/ND-24L/CG32727/CG1409/CG10761/CG13564/ND-51L1/Ucp4C/CG12511/CG11815/CG15459/ND-20L/CG12464/CG5662/CG1724/CG12917/fzo/CG12479/ND-51L2/ATPsynbetaL/CG15458
GO:0005740,mitochondrial envelope,223,0.6217070231758617,2.080989821556171,1.0322047894302229e-4,0.0010769250034436554,6.19528459753388e-4,1339,"tags=27%, list=13%, signal=24%",COX4L/COX7AL/COX5BL/tomboy20/Slc25A46b/CG30412/CG3092/Tim13/ttm2/Porin2/CG17991/CG32832/Tim17a1/ATPsynCF6L/Cyt-c-d/SdhBL/ttm3/Tengl3/ATPsynGL/tomboy40/UQCR-11L/Tengl4/COX6AL/CG16781/CG17300/ND-B14.5AL/CG4520/CG6629/ND-49L/Tim17b1/GC2/Tengl1/UQCR-14L/CG18418/knon/CG5265/CG9863/CG7514/Ant2/SdhAL/Cyt-c1L/ND-24L/CG32727/CG1409/CG10761/CG13564/ND-51L1/Ucp4C/CG12511/CG11815/CG15459/ND-20L/CG12464/CG5662/CG1724/CG12917/fzo/CG12479/ND-51L2/ATPsynbetaL/CG15458
GO:0031966,mitochondrial membrane,216,0.6320548212204367,2.1120767836596217,1.0347682119205298e-4,0.0010769250034436554,6.19528459753388e-4,1339,"tags=28%, list=13%, signal=25%",COX4L/COX7AL/COX5BL/tomboy20/Slc25A46b/CG30412/CG3092/Tim13/ttm2/Porin2/CG17991/CG32832/Tim17a1/ATPsynCF6L/Cyt-c-d/SdhBL/ttm3/Tengl3/ATPsynGL/tomboy40/UQCR-11L/Tengl4/COX6AL/CG16781/CG17300/ND-B14.5AL/CG4520/CG6629/ND-49L/Tim17b1/GC2/Tengl1/UQCR-14L/CG18418/knon/CG5265/CG9863/CG7514/Ant2/SdhAL/Cyt-c1L/ND-24L/CG32727/CG1409/CG10761/CG13564/ND-51L1/Ucp4C/CG12511/CG11815/CG15459/ND-20L/CG12464/CG5662/CG1724/CG12917/fzo/CG12479/ND-51L2/ATPsynbetaL/CG15458
GO:0019866,organelle inner membrane,185,0.5914513575393333,1.9585210537472766,1.04942806170637e-4,0.0010769250034436554,6.19528459753388e-4,1339,"tags=26%, list=13%, signal=23%",COX4L/COX7AL/COX5BL/CG30412/CG3092/Tim13/ttm2/CG32832/Tim17a1/ATPsynCF6L/Cyt-c-d/ttm3/Tengl3/ATPsynGL/UQCR-11L/Tengl4/COX6AL/CG17300/ND-B14.5AL/CG6629/ND-49L/Tim17b1/GC2/Tengl1/UQCR-14L/CG18418/knon/CG5265/CG9863/CG7514/Ant2/SdhAL/Cyt-c1L/ND-24L/CG32727/CG1409/CG13564/ND-51L1/Ucp4C/CG11815/CG15459/ND-20L/CG12464/CG1724/CG12917/CG12479/ND-51L2/ATPsynbetaL/CG15458
GO:0005743,mitochondrial inner membrane,175,0.640323167259591,2.11434456734738,1.0534077741493732e-4,0.0010769250034436554,6.19528459753388e-4,1339,"tags=28%, list=13%, signal=25%",COX4L/COX7AL/COX5BL/CG30412/CG3092/Tim13/ttm2/CG32832/Tim17a1/ATPsynCF6L/Cyt-c-d/ttm3/Tengl3/ATPsynGL/UQCR-11L/Tengl4/COX6AL/CG17300/ND-B14.5AL/CG6629/ND-49L/Tim17b1/GC2/Tengl1/UQCR-14L/CG18418/knon/CG5265/CG9863/CG7514/Ant2/SdhAL/Cyt-c1L/ND-24L/CG32727/CG1409/CG13564/ND-51L1/Ucp4C/CG11815/CG15459/ND-20L/CG12464/CG1724/CG12917/CG12479/ND-51L2/ATPsynbetaL/CG15458
GO:0044455,mitochondrial membrane part,142,0.6436660604081559,2.090296788337352,1.0816657652785289e-4,0.0010769250034436554,6.19528459753388e-4,1339,"tags=29%, list=13%, signal=25%",COX4L/COX7AL/COX5BL/tomboy20/Tim13/ttm2/CG32832/Tim17a1/ATPsynCF6L/ttm3/ATPsynGL/tomboy40/UQCR-11L/COX6AL/CG17300/ND-B14.5AL/CG4520/CG6629/ND-49L/Tim17b1/UQCR-14L/knon/SdhAL/Cyt-c1L/ND-24L/CG32727/CG1409/CG13564/ND-51L1/CG12511/CG11815/CG15459/ND-20L/CG12464/CG5662/CG1724/fzo/CG12479/ND-51L2/ATPsynbetaL/CG15458
GO:0098800,inner mitochondrial membrane protein complex,106,0.7074907785939495,2.240364843690015,1.1171936096525528e-4,0.0010769250034436554,6.19528459753388e-4,1339,"tags=32%, list=13%, signal=28%",COX4L/COX7AL/COX5BL/Tim13/ttm2/Tim17a1/ATPsynCF6L/ttm3/ATPsynGL/UQCR-11L/COX6AL/CG17300/ND-B14.5AL/CG6629/ND-49L/Tim17b1/UQCR-14L/knon/SdhAL/Cyt-c1L/ND-24L/CG32727/CG1409/CG13564/ND-51L1/CG11815/CG15459/ND-20L/CG12464/CG1724/CG12479/ND-51L2/ATPsynbetaL/CG15458
GO:0005929,cilium,102,0.6760343757025369,2.1299254963255385,1.1270145384875464e-4,0.0010769250034436554,6.19528459753388e-4,1911,"tags=54%, list=19%, signal=44%",Mst77F/Mst87F/Mst98Cb/CG16719/Mst98Ca/CG10859/djl/CG7886/dj/CG31803/CG15208/CG7131/CG6652/Sdic1/dtr/CG10064/CG33490/CG14183/CG17118/Dnali1/CG9313/CG12020/CG33489/CG4329/CG14995/CG13202/CG17387/CG32086/CG12395/CG17122/CG1571/CG10958/nompB/Dic61B/CG10510/Dhc36C/B9d1/CG3062/tilB/CG14838/CG13999/Root/CG7352/Bug22/CG14020/Cby/cep290/TbCMF46/Dhc16F/Dhc98D/cdc14/Gas8/CG13617/CG5964/Dhc62B
GO:0098798,mitochondrial protein complex,206,0.46497707833060065,1.5504762399932919,2.0785699438786114e-4,0.0017875701517356057,0.0010283451301294183,1339,"tags=18%, list=13%, signal=16%",COX4L/COX7AL/COX5BL/tomboy20/Tim13/ttm2/Tim17a1/ATPsynCF6L/ttm3/ATPsynGL/tomboy40/UQCR-11L/COX6AL/CG17300/ND-B14.5AL/CG4520/CG6629/ND-49L/Tim17b1/UQCR-14L/knon/SdhAL/Cyt-c1L/ND-24L/CG32727/CG1409/CG13564/ND-51L1/CG11815/CG15459/ND-20L/CG12464/CG5662/CG1724/CG12479/ND-51L2/ATPsynbetaL/CG15458
GO:0031967,organelle envelope,326,0.4257167723360935,1.4449845916042574,5.055611729019212e-4,0.003623188405797102,0.0020843311514377448,1339,"tags=21%, list=13%, signal=18%",COX4L/COX7AL/COX5BL/tomboy20/Slc25A46b/CG30412/CG3092/Tim13/ttm2/Porin2/CG17991/CG32832/Tim17a1/ATPsynCF6L/Cyt-c-d/SdhBL/ttm3/Tengl3/ATPsynGL/tomboy40/UQCR-11L/Tengl4/COX6AL/CG16781/CG17300/ND-B14.5AL/CG4520/CG6629/ND-49L/Tim17b1/GC2/Tengl1/UQCR-14L/CG18418/knon/CG5265/CG9863/CG7514/Ant2/SdhAL/Cyt-c1L/ND-24L/CG32727/CG1409/Parp16/CG10761/Erk7/CG13564/e(y)2b/ND-51L1/Ucp4C/CG12511/CG11815/CG15459/CG14006/ND-20L/CG12464/Ntf-2r/CG5662/CG1724/CG12917/fzo/CG12782/CG12479/ND-51L2/ATPsynbetaL/CG15458
GO:0031975,envelope,326,0.4257167723360935,1.4449845916042574,5.055611729019212e-4,0.003623188405797102,0.0020843311514377448,1339,"tags=21%, list=13%, signal=18%",COX4L/COX7AL/COX5BL/tomboy20/Slc25A46b/CG30412/CG3092/Tim13/ttm2/Porin2/CG17991/CG32832/Tim17a1/ATPsynCF6L/Cyt-c-d/SdhBL/ttm3/Tengl3/ATPsynGL/tomboy40/UQCR-11L/Tengl4/COX6AL/CG16781/CG17300/ND-B14.5AL/CG4520/CG6629/ND-49L/Tim17b1/GC2/Tengl1/UQCR-14L/CG18418/knon/CG5265/CG9863/CG7514/Ant2/SdhAL/Cyt-c1L/ND-24L/CG32727/CG1409/Parp16/CG10761/Erk7/CG13564/e(y)2b/ND-51L1/Ucp4C/CG12511/CG11815/CG15459/CG14006/ND-20L/CG12464/Ntf-2r/CG5662/CG1724/CG12917/fzo/CG12782/CG12479/ND-51L2/ATPsynbetaL/CG15458
GO:0005635,nuclear envelope,103,-0.4649013266439459,-1.9142496586441566,8.952551477170994e-4,0.005230189138235115,0.0030087991370508008,2713,"tags=55%, list=27%, signal=41%",bocks/yrt/ssp/emb/bif/Ulp1/e(y)2/sbr/MAN1/Sirt1/mbo/CG4880/Ndc1/Nup62/Ranbp9/p23/btz/Nup214/Ntf-2/Rae1/CG7655/Nup93-2/Dsor1/baf/Mad1/Gle1/Nup75/Nup98-96/Mtor/Nup153/Nup107/msk/Sce/Nup133/Nup43/polo/Nup50/mad2/Nup35/Nup93-1/xmas/Nup37/kuk/Nup188/Aladin/Nxt1/Nup154/Cse1/Nup205/CG5199/Ote/gcl/LBR/DNApol-alpha73/CG7744/gwl/fs(1)Ya
GO:0030054,cell junction,103,-0.39592529851506897,-1.6302381260174583,8.952551477170994e-4,0.005230189138235115,0.0030087991370508008,3414,"tags=52%, list=34%, signal=35%",TBCD/veli/Swip-1/Patj/Lar/parvin/baz/crim/Cdc42/Asap/Arf51F/cpa/CG6398/Sec6/yrt/Inx2/Abl/Cad99C/alpha-Cat/cpb/Tsf2/Fak/arm/Pak/sav/Mcr/Klp64D/Rok/ena/crb/PDZ-GEF/p120ctn/kug/RASSF8/Mer/Sym/otk2/hpo/step/shg/ed/Liprin-alpha/Lap1/rl/N/rst/Magi/jub/Girdin/a/mbt/CG3770/wech/zpg
GO:0045177,apical part of cell,104,-0.42029979672422374,-1.7298282998019439,9.157509157509158e-4,0.005230189138235115,0.0030087991370508008,3448,"tags=54%, list=35%, signal=36%",ssh/Apc2/loco/l(2)gd1/ZnT35C/Pkn/Patj/Sra-1/ens/dsh/RhoGEF2/Apc/baz/T48/mib1/Stat92E/Cdc42/Asap/cpa/SCAR/CG6398/Inx2/Abl/boca/Cad99C/sktl/arm/sav/Zip42C.2/Mcr/Rok/zye/crb/cnk/Crag/Mvl/CG11210/Mer/Dlg5/dome/hpo/Cad74A/ck/sosie/conu/Btk29A/insc/rst/jub/a/sdk/Pez/Arpc2/Galphai/wun2/brat
GO:0071013,catalytic step 2 spliceosome,109,-0.5813015753682228,-2.4027866169433567,9.746588693957114e-4,0.005230189138235115,0.0030087991370508008,2671,"tags=89%, list=27%, signal=66%",CG14641/CG3225/Zn72D/Rack1/CG2931/snf/Sf3b6/CG5641/CG6015/l(1)10Bb/CG10333/Mfap1/Moca-cyp/sip1/Sf3a1/CG1965/ncm/CG10418/Cdc2rk/beag/CG11808/lost/Prp38/fand/Dhx15/Sf3b1/l(3)72Ab/noi/CG7747/CG10466/Sf3a2/CG7102/c12.1/REG/Sf3b2/CG11777/Es2/Caper/Pep/cactin/Bx42/PQBP1/CG16865/Cdc5/lark/Phf5a/FRG1/crn/cyp33/CG31368/l(2)37Cb/Srp54/CG8833/CG6179/tsu/Smu1/CG13625/CG7028/SmD2/qkr58E-1/Cypl/CG7483/CG9667/SRm160/caz/Ars2/SNRPG/rin/Rm62/BCAS2/pea/SmE/snRNP-U1-70K/CG6841/Mtr4/SmD1/SmD3/CG2685/Prp8/LSm7/CG1677/mago/SmF/LSm3/Bin1/Prp19/CG5808/SmB/CG9684/U2A/CG3511/Pnn/U4-U6-60K/Tango4/Sf3b3/x16/aub
GO:0071011,precatalytic spliceosome,119,-0.5520111853052294,-2.3071417116306585,0.0010672358591248667,0.005230189138235115,0.0030087991370508008,3246,"tags=82%, list=33%, signal=56%",CG2931/snf/Sf3b6/CG2021/CG5641/CG6015/l(1)10Bb/CG10333/Mfap1/Moca-cyp/sip1/Sf3a1/Prp3/Sf3b5/ytr/CG7564/CG1965/CG17454/CG10418/Cdc2rk/beag/CG30122/CG11808/lost/Prp38/fand/Dhx15/Sf3b1/l(3)72Ab/noi/CG10466/Sf3a2/c12.1/REG/Sf3b2/Caper/Pep/Bx42/tra2/U2af38/PQBP1/Spf45/CG17187/Cdc5/lark/Phf5a/crn/cyp33/CG31368/U2af50/l(2)37Cb/Srp54/CG8833/Smu1/CG7028/SmD2/qkr58E-1/Cypl/CG7483/CG9667/SRm160/Ars2/SNRPG/CG4119/rin/CG3542/Rm62/BCAS2/pea/SmE/SF1/snRNP-U1-70K/CG6841/SmD1/SmD3/CG2685/Prp8/LSm7/CG1677/mago/SmF/LSm3/Spx/Bin1/Usp39/Prp19/CG5808/CG17266/SmB/CG9684/U2A/Pnn/U4-U6-60K/Tango4/Sf3b3/x16/CG1622/aub
GO:0005938,cell cortex,121,-0.5540770700306951,-2.3190799514527556,0.0011001100110011,0.005230189138235115,0.0030087991370508008,3240,"tags=64%, list=32%, signal=44%",Sec10/Patj/Klp10A/dsh/RhoGEF2/Abi/Khc/baz/Sec3/mib1/mtm/Cortactin/CG30183/Vrp1/Cdc42/TBCB/Exo70/Arv1/Sep4/yki/Exo84/cpa/CG6398/SH3PX1/Sec6/Abl/sktl/Arp3/Kat60/sav/Rok/numb/cnk/Crag/strat/Sep2/Lnk/Mer/CD98hc/trc/GMF/flr/msn/Lrch/Sec15/Ran/hpo/Abp1/step/slpr/shg/ck/conu/ed/msk/insc/jub/pnut/Git/ncd/Pez/pbl/Arpc2/Arp2/Galphai/Dok/Tre1/gus/Sep5/Shark/scra/tum/gcl/pon/sti/borr/brat/alphaTub67C
GO:0061695,"transferase complex, transferring phosphorus-containing groups",133,-0.560093002070956,-2.3733607431057737,0.00125,0.005230189138235115,0.0030087991370508008,2597,"tags=65%, list=26%, signal=48%",Taf6/Rpb12/RpI12/Cdk9/RpII15/TfIIFalpha/hyx/hay/CG3756/mrn/Rpb8/Spt3/RpII33/CycK/Gas41/CG5380/Socs44A/Taf2/atms/Trf/Mat1/Atg17/mus205/CG5608/Sin/e(y)1/CG15160/Rpb11/RpII140/Taf7/CG33051/Ssl1/caz/Saf6/RpIII128/Mes4/Rcp/Rpb5/Taf8/TfIIEalpha/Atu/CG7339/CG18600/Pi3K21B/Tfb4/TfIIFbeta/CG12018/Taf5/Cdk7/tam/Coq2/Gdn1/CycH/l(2)37Cg/put/CG12267/RpIIIC53/RpII215/Xpd/Cdk12/RpIIIC160/Tbp/Rpb7/moon/RpI1/DNApol-delta/babo/DNApol-epsilon58/DNApol-epsilon255/CycB3/RpI135/CG13773/DNApol-alpha180/DNApol-alpha50/CycD/DNApol-alpha73/Cks30A/png/DNApol-alpha60/Cdk2/CycJ/plu/CycA/CycE/gnu/CycB
GO:0000790,nuclear chromatin,136,-0.5733063479230855,-2.438195898236423,0.001277139208173691,0.005230189138235115,0.0030087991370508008,2237,"tags=65%, list=22%, signal=51%",CG4751/Sirt1/enok/Su(var)2-HP2/Su(var)205/Bx42/DMAP1/Bap111/calypso/MED17/mof/akirin/brm/Cap-G/tou/z/Drep4/CG15160/prod/rad50/Asx/CG3815/CG15356/Psc/Jarid2/CG7379/E(bx)/CG33051/CG14220/Tip60/Hira/Mi-2/Sirt7/Ravus/eco/dwg/e(y)3/Bap170/Brms1/CG32202/Mtor/Bap55/E(z)/phol/Nup153/Arp8/CG11970/Sce/CG16908/chm/timeout/Snr1/Su(z)12/CG10395/Bin1/Smyd5/polybromo/Bre1/mor/Pc/Rad17/Hmt4-20/Bap60/Acf/Ssrp/Cdk12/Setd3/HDAC1/HP1b/Su(var)3-3/AlkB/Caf1-55/mms4/BEAF-32/His2Av/mu2/SuUR/CG12659/Top2/HmgD/Chrac-16/Top1/Sirt6/CG10336/CG3430/esc/cid/Rif1
GO:0005667,transcription factor complex,136,-0.5082071243354187,-2.161337530097231,0.001277139208173691,0.005230189138235115,0.0030087991370508008,2729,"tags=61%, list=27%, signal=45%",MED8/TAF1C-like/Iswi/Taf6/Hr96/TfIIFalpha/pho/hyx/hay/Gem2/arm/mrn/CG4404/Spt3/MED26/Smn/MED14/Gas41/tgo/Bdp1/CG10949/Nf-YA/hng2/Taf2/Trf/brwl/Mat1/Ssb-c31a/MED17/CG11723/mof/MED18/MED4/exd/e(y)1/da/MED25/CG31875/Mad/udd/Chi/Taf7/CG11504/Ssl1/caz/Saf6/Pbp45/CG7099/Taf8/Nf-YB/CG13609/TfIIEalpha/l(2)37Cd/usp/Tfb4/phol/Brf/E2f2/TfIIFbeta/cyc/Taf5/Pbp95/Cdk7/N/CG6683/CycH/jub/Dp/CG7745/Xpd/Rbf/Nf-YC/Bgb/stwl/Dref/Tbp/Caf1-55/moon/jigr1/CG8950/TAF1B/Six4/Rbf2
GO:0005681,spliceosomal complex,159,-0.5595663727861458,-2.440776130564167,0.001669449081803005,0.006242287871089497,0.00359103463820326,3246,"tags=81%, list=33%, signal=56%",CG2931/snf/Sf3b6/CG2021/CG5641/CG6015/CG15525/l(1)10Bb/rump/CG10333/Mfap1/Moca-cyp/sip1/l(1)G0007/Sf3a1/Prp3/Sf3b5/ytr/CG31922/CG7564/CG1965/CG17454/ncm/CG10418/nonA-l/Cdc2rk/beag/CG30122/CG11808/CG9344/Gem2/lost/Prp38/fand/Dhx15/Sf3b1/l(3)72Ab/noi/CG7747/CG10466/Slu7/Sf3a2/CG7102/c12.1/REG/CG5986/Sf3b2/CG11777/Es2/Caper/Pep/cactin/Bx42/tra2/U2af38/PQBP1/Spf45/CG17187/CG16865/Prp18/Cdc5/lark/Phf5a/FRG1/crn/cyp33/CG31368/U2af50/l(2)37Cb/Srp54/CG8833/CG6179/tsu/Smu1/CG13625/CG7028/CG6610/SmD2/qkr58E-1/Cypl/CG7483/CG9667/SRm160/caz/Ars2/SNRPG/CG4119/rin/CG3542/Rm62/BCAS2/pea/SmE/SF1/snRNP-U1-70K/CG6841/Mtr4/SmD1/SmD3/CG2685/Prp8/LSm7/CG1677/CG7741/mago/SmF/CG11839/LSm3/Spx/Bin1/Usp39/Prp19/CG5808/CG6227/CG17266/CG9213/SmB/CG9684/U2A/CG3511/Pnn/U4-U6-60K/mdlc/Tango4/Sf3b3/x16/CG1622/Hel25E/aub
GO:0005700,polytene chromosome,159,-0.5556229904514342,-2.423575466006129,0.001669449081803005,0.006242287871089497,0.00359103463820326,2853,"tags=71%, list=29%, signal=52%",Lhr/Yeti/CycT/upSET/Hcs/Lint-1/Deaf1/D1/Iswi/Rcd5/Cdk9/sktl/Adf1/bur/pho/MED26/ZIPIC/HP1c/RpII33/lolal/MBD-like/su(sable)/Topors/vtd/Sry-beta/Su(var)2-HP2/Hsp83/REG/Spt5/Pep/Su(var)205/Spt6/pds5/Trf/mof/akirin/Charon/Gcn5/SMC1/Sry-delta/tou/z/pita/Hsf/TH1/Psc/Chd1/Jarid2/ash1/Marcal1/Tip60/Scm/Chro/Mi-2/Hrb87F/Ada3/Su(var)3-7/abo/spt4/Pits/e(y)3/Bap170/Rm62/Nup98-96/usp/lawc/mip130/Asciz/ebi/Fcp1/woc/Hmr/su(Hw)/RpII215/Cp190/vig2/polybromo/Ndf/Xpd/Pc/lin-52/Nup50/Hmt4-20/D12/Cdk12/NSD/stwl/Spps/PR-Set7/uri/HDAC1/Dref/Nlp/Ada2b/Caf1-55/BEAF-32/His2Av/SuUR/Hel25E/Df31/wapl/G9a/mip120/Top1/asf1/Orc2/Sse/esc/jumu/Phf7/Elba2/Rif1/piwi
GO:0098687,chromosomal region,162,-0.6042457780638407,-2.6370344501262397,0.0017421602787456446,0.00624274099883856,0.0035912953114493546,2397,"tags=70%, list=24%, signal=54%",msps/MED26/HP1c/RpII33/lwr/vtd/Sry-beta/Su(var)2-HP2/Hsp83/REG/Spt5/Pep/Su(var)205/Spt6/smt3/MED17/mof/aurA/Gcn5/Cap-G/Nuf2/Sry-delta/nbs/z/BuGZ/PPP4R2r/prod/TH1/rad50/cal1/Psc/Chd1/Ku80/CG11788/Marcal1/Tip60/Mad1/barr/Chro/Hrb87F/Ada3/Sirt7/Su(var)3-7/spt4/Spindly/e(y)3/Rm62/RpA-70/Nup98-96/lawc/Mis12/cav/Asciz/Det/Klp67A/woc/SA/mre11/Nnf1b/Nup133/Hmr/RpII215/Cp190/vig2/Mps1/Kmn1/Ndf/Xpd/Pp4-19C/polo/Pc/Nup50/Bub3/mad2/Cdk12/NSD/Spps/Spc105R/HDAC1/HP1b/Nlp/BubR1/Incenp/Ndc80/Zw10/BEAF-32/His2Av/mu2/Cap-D2/Zwilch/Snm1/rod/SuUR/aurB/Cenp-C/HP5/G9a/Top1/RPA2/Irbp/CG2990/Sirt6/Orc2/Sse/jumu/Spc25/HipHop/borr/cid/Elba2/dup/Rif1/piwi/CycB
GO:0005730,nucleolus,192,-0.6414106889085261,-2.8622876760224103,0.002288329519450801,0.007819603564284414,0.00449842555105713,1582,"tags=68%, list=16%, signal=59%",CG8441/Trf4-1/smt3/Nsun5/FRG1/CG17652/eIF6/CG31301/Mtr3/CG10903/Tif-IA/MED22/CG7137/cal1/udd/CG8461/CG7483/thoc5/Non3/nclb/Mink/CG1789/CG3735/Rpb5/Nsun2/Samtor/CG11030/CG10576/ball/CG18600/Mtor/Hus1-like/Aatf/Cdk7/CG8064/CG2260/Sce/Coq2/CG9630/l(2)37Cg/l(1)G0004/vito/dbe/CG5645/Nle/Rpp30/CG5815/Rs1/CG1542/Hmr/Rrp46/Mys45A/CG8038/CG15019/CG16753/CG4866/Pc/CG6724/CG9004/CG3335/CG3594/Ssrp/CG9799/Ns1/stwl/CG5728/CG14057/Tsr1/Nlp/CG12301/peng/CG8939/l(3)07882/CG4901/CG1785/CG32409/Rbm13/CG3527/CG11920/CG4554/CG4038/l(2)34Fd/l(2)k09022/Bka/CG7006/CG7637/CG1671/RpI1/Nph/CG32344/l(2)k09848/Rtc1/RpLP0-like/NO66/CG11563/CG6712/Fib/NHP2/TAF1B/CG7246/mod/CG12909/CG3071/bys/RpI135/Sas10/Mybbp1A/CG12325/CG11583/wcd/CG5033/CG9143/Mat89Ba/CG13097/l(3)72Dn/pit/Nop56/CG9246/CG13773/kz/CG12499/Top1/Surf6/l(1)G0020/mbm/CG2875/CG8545/Nopp140/jumu/nop5/CG12288
GO:0044454,nuclear chromosome part,195,-0.6258421978332193,-2.789142829249967,0.002364066193853428,0.007819603564284414,0.00449842555105713,2237,"tags=71%, list=22%, signal=56%",CG4751/vtd/Psf2/Sirt1/enok/Su(var)2-HP2/Su(var)205/Bx42/DMAP1/Bap111/calypso/smt3/MED17/mof/Psf3/akirin/brm/aurA/Cap-G/nbs/Sld5/tou/z/Drep4/CG15160/prod/rad50/Asx/CG3815/CG15356/Psc/Ku80/Jarid2/CG7379/E(bx)/Marcal1/CG33051/CG14220/slx1/Tip60/Hira/Mes4/barr/Mi-2/Sirt7/Ravus/eco/dwg/e(y)3/Bap170/Brms1/CG32202/RpA-70/Mtor/Bap55/E(z)/phol/Nup153/cav/CG12018/Hus1-like/Arp8/Psf1/CG11970/Sce/CG16908/chm/timeout/Snr1/Su(z)12/CG10395/SA/CG31053/mre11/Bin1/Smyd5/CG14803/Mps1/polybromo/Bre1/Mlh1/mor/Pc/Rad17/Hmt4-20/Bap60/Acf/Orc4/Ssrp/Cdk12/Setd3/HDAC1/HP1b/Su(var)3-3/BubR1/AlkB/Tango4/Caf1-55/mms4/DNApol-delta/BEAF-32/His2Av/mu2/DNApol-epsilon58/RPA3/DNApol-epsilon255/Cap-D2/Snm1/SuUR/aurB/Cenp-C/CG12659/Top2/HmgD/Orc5/c(3)G/Chrac-16/Top1/RPA2/Ctf4/Irbp/CG2990/Sirt6/DNApol-alpha180/DNApol-alpha50/CG10336/Orc6/CDC45L/Orc2/Sse/CG3430/DNApol-alpha73/esc/DNApol-alpha60/Mcm10/cid/Rif1/Orc1
GO:0044433,cytoplasmic vesicle part,111,-0.35243703501736007,-1.4604804177706192,0.00298804780876494,0.0089179548156956,0.005130280004133333,3818,"tags=50%, list=38%, signal=31%",Rab11/CG14184/ArfGAP3/HPS4/gammaCOP/Vamp7/Itp-r83A/AP-2sigma/Chc/Vps33B/Sara/Sec13/AP-1mu/AP-2mu/Vps53/Sec16/CG5498/Vps36/Lrrk/CG8176/Vps16A/Vps51/AP-1-2beta/p115/Vps8/Pi4KIIalpha/dor/g/Snx1/Snap24/Mon1/RagA-B/CG6707/AP-1gamma/Rme-8/scat/CG10435/SIDL/CG11802/BicD/SppL/CG6051/Vti1a/CG5608/wls/CG8270/Vps16B/Mvb12/AP-1sigma/Vps11/Vps50/S/CG5235/yin/Rab23
GO:0000228,nuclear chromosome,218,-0.6086268792315135,-2.7352442132667676,0.003003003003003003,0.0089179548156956,0.005130280004133333,2237,"tags=66%, list=22%, signal=52%",CG4751/vtd/Psf2/Sirt1/enok/Su(var)2-HP2/Su(var)205/Bx42/DMAP1/Bap111/calypso/smt3/MED17/mof/Psf3/akirin/brm/aurA/Cap-G/msl-1/nbs/Sld5/tou/z/Drep4/CG15160/prod/rad50/Asx/CG3815/CG15356/Psc/Ku80/Jarid2/CG7379/thoc5/E(bx)/Marcal1/CG33051/CG14220/slx1/Tip60/Hira/Mes4/barr/Mi-2/Sirt7/Ravus/eco/dwg/e(y)3/Bap170/Brms1/CG32202/RpA-70/Mtor/Bap55/E(z)/phol/Nup153/cav/CG12018/Hus1-like/Arp8/Psf1/CG11970/spn-A/Sce/CG16908/chm/timeout/Snr1/Su(z)12/CG10395/SA/CG31053/mre11/Bin1/Smyd5/CG14803/Mps1/polybromo/Bre1/Mlh1/mor/Pc/Rad17/Hmt4-20/Bap60/Acf/Orc4/Ssrp/Cdk12/Setd3/NSD/HDAC1/HP1b/Su(var)3-3/BubR1/AlkB/Tango4/Caf1-55/mms4/DNApol-delta/BEAF-32/His2Av/mu2/DNApol-epsilon58/RPA3/DNApol-epsilon255/Cap-D2/Snm1/SuUR/aurB/Cenp-C/CG12659/Top2/HmgD/Orc5/Mat89Ba/c(3)G/Chrac-16/Top1/RPA2/Ctf4/Irbp/CG2990/Sirt6/DNApol-alpha180/DNApol-alpha50/CG10336/Orc6/CDC45L/Orc2/Sse/CG3430/DNApol-alpha73/esc/DNApol-alpha60/Mcm10/cid/Rif1/Orc1
GO:0031090,organelle membrane,464,0.3845157556431007,1.3157983244696325,0.003007217321571772,0.0089179548156956,0.005130280004133333,1356,"tags=15%, list=14%, signal=14%",COX4L/COX7AL/COX5BL/tomboy20/Vha68-3/Slc25A46b/Atg8b/CG30412/CG3092/Tim13/ttm2/Porin2/CG17991/CG32832/Tim17a1/ATPsynCF6L/Cyt-c-d/SdhBL/ttm3/Tengl3/ATPsynGL/tomboy40/UQCR-11L/Tengl4/COX6AL/CG16781/CG17300/ND-B14.5AL/CG4520/Qsox3/CG6629/ND-49L/Tim17b1/GC2/Tengl1/UQCR-14L/CG18418/Vha100-3/knon/CG5265/CG9863/CG7514/Qsox2/Ant2/SdhAL/Cyt-c1L/ND-24L/CG32727/CG1409/CG10761/CG13564/CG9592/Qsox4/ND-51L1/Ucp4C/FucTB/CG12511/CG11815/CG15459/ND-20L/CG12464/CG5662/CG1724/CG12917/fzo/CG12479/VhaAC39-2/ND-51L2/ATPsynbetaL/CG15458/CG15399
GO:0005768,endosome,160,-0.3161924301672046,-1.3800155247113708,0.003389830508474576,0.009364111498257839,0.0053869429671740314,3997,"tags=58%, list=40%, signal=35%",Vps20/Vps29/Vps35/Pi3K59F/CG15099/ClC-b/path/ema/Rab11/CG14184/HPS4/CG6607/Vamp7/asrij/Psn/Wdfy2/CG7956/RhoGAP68F/Vps15/Rbpn-5/Ykt6/CG15168/Snx6/Vps33B/Sara/Rab39/Vps26/ClC-c/Ocrl/mop/CG12393/CG5498/RabX1/Vps36/Lrrk/Vps16A/Vps51/Vps8/CG12772/Pi4KIIalpha/dor/Arf51F/yki/g/hook/Rab10/Snx1/Mon1/Cad99C/aph-1/RagA-B/c11.1/CG6707/Tsf2/Rbsn-5/CG5734/AP-1gamma/Rme-8/arr/Rab21/dbr/Nct/CG10435/SIDL/Klp64D/pen-2/Crag/Mvl/Rab30/CG6051/fdl/Vti1a/CG5608/wls/SWIP/CG8270/CG4074/Sec15/Vps16B/CG11178/CG3309/shg/Mvb12/neur/Vps45/ed/N/Vps11/Vps50/Snx16/wus/S/Rab23
GO:0098796,membrane protein complex,381,0.3920244475028041,1.3362042619105166,0.0034239677744209466,0.009364111498257839,0.0053869429671740314,1339,"tags=14%, list=13%, signal=13%",COX4L/COX7AL/COX5BL/tomboy20/Vha68-3/Tim13/ttm2/CG32847/Tim17a1/ATPsynCF6L/ttm3/ATPsynGL/tomboy40/UQCR-11L/COX6AL/CG17300/ND-B14.5AL/CG4520/CG6629/ND-49L/Tim17b1/UQCR-14L/Vha100-3/knon/Vha36-2/CG8141/SdhAL/Cyt-c1L/ND-24L/CG32727/CG1409/VhaM9.7-d/CG13564/CG11703/Vha16-5/ND-51L1/Vha14-2/CG11815/CG15459/Vha16-2/ND-20L/VhaPPA1-2/CG12464/Vha16-3/CG5662/Pkd2/CG1724/CG12479/CG41106/VhaAC39-2/ND-51L2/ATPsynbetaL/CG15458
GO:0000785,chromatin,232,-0.5755210608804485,-2.6092710791418394,0.003484320557491289,0.009364111498257839,0.0053869429671740314,2237,"tags=66%, list=22%, signal=52%",CG4751/su(sable)/vtd/Sirt1/mbo/enok/Su(var)2-HP2/Su(var)205/Bx42/DMAP1/Spt6/atms/pds5/Nup62/Sos/Bap111/calypso/MED17/mof/akirin/brm/Cap-G/SMC1/tou/z/Drep4/MED22/CG15160/CG7137/prod/Hsf/rad50/Kdm4A/Asx/CG3815/CG15356/Psc/Jarid2/CG7379/ash1/CG11788/E(bx)/CG33051/CG14220/caz/nclb/Tip60/Hira/barr/Odj/Mi-2/Hrb87F/Sirt7/Su(var)3-7/SC35/EloA/Ravus/eco/dwg/e(y)3/Bap170/Brms1/CG32202/Uxt/ball/Nup98-96/Mtor/Bap55/PCID2/E(z)/phol/mip130/E2f2/Set2/Nup153/Arp8/CG11970/Sce/CG16908/chm/timeout/Snr1/Su(z)12/woc/CG10395/SA/Bin1/Hmr/cbs/su(Hw)/Smyd5/glu/polybromo/Bre1/Ice1/Rbf/mor/Pc/lin-52/Mau2/Rad17/Nup50/Hmt4-20/Bap60/Acf/Ssrp/Cdk12/Setd3/NSD/SMC2/HDAC1/HP1b/Su(var)3-3/AlkB/Caf1-55/Csl4/La/mms4/dmt/BEAF-32/His2Av/mu2/Cap-D2/CG2129/Oxp/SuUR/CG12659/Df31/Top2/HmgD/HP5/Chd3/G9a/Chrac-16/mip120/Top1/Sirt6/Fkbp39/CG10336/Orc2/CG3430/esc/jumu/BigH1/RecQ4/borr/cid/Rbf2/rhi/Rif1/zld/piwi
GO:0044451,nucleoplasm part,309,-0.45193432870757455,-2.0952946095570377,0.007936507936507936,0.02068302068302068,0.01189843295106453,2842,"tags=65%, list=28%, signal=48%",CycT/Taf12/RYBP/Eaf6/MED1/tth/Wdr33/Daxx/Sf3b5/lid/MED8/d4/ssp/Wdr82/Dlip3/Rcd5/Taf6/Rpb12/Cdk9/Ythdc1/e(y)2/RpII15/TfIIFalpha/hyx/hay/MED15/mrn/Rpb8/Spt3/MED26/Smn/Eaf/RpII33/MBD-like/MED28/HDAC3/Slu7/CycK/MED14/Gas41/Psf2/enok/Spt5/CG40228/Elp2/DMAP1/Spt6/Taf2/atms/Trf/Mat1/dgt1/CycC/MED17/lark/mof/Psf3/crn/MED18/Gcn5/Rcd1/U2af50/msl-1/MRG15/MED4/MED16/Fancl/MED20/Sld5/e(y)1/not/Sgf29/MED19/Myc/MED22/CG15160/Rpb11/MED25/IntS9/Atac1/CG7137/RpII140/TH1/IntS11/Kdm4A/Cpsf100/CG3815/CG15356/Mad/Jarid2/CG7379/ash1/Taf7/Ssl1/CG14220/caz/Saf6/Sym/Tip60/CstF64/Rpb5/CG6254/Mi-2/Hrb87F/Brd8/Ada3/Taf8/CG7239/Atac3/SC35/WDR79/CG13609/EloA/Cpsf73/spt4/CG1603/TfIIEalpha/Ncoa6/CG14005/e(y)3/Atu/Brms1/Ice2/Cfp1/CstF50/Nelf-A/Atac2/snRNP-U1-70K/fs(1)K10/wda/Fip1/CG11560/Lsm11/Bap55/Tfb4/E(z)/Elp1/Sap30/Cpsf5/TfIIFbeta/Taf5/msk/ebi/Cdk7/Psf1/CG12316/Spt7/chm/ix/NELF-B/Br140/Lsm10/Gem3/Gdn1/Su(z)12/CG12219/CG14805/CycH/Bin1/RpII215/Elp3/Ice1/Xpd/lin-52/Pcl/CG3335/D12/Ssrp/SmB/Cdk12/vers/Ptip/CG4282/MED21/Clp/HDAC1/wds/Ns3/Ada2b/Tbp/Cpsf160/Rpb7/Caf1-55/moon/Cdk8/Pa1/gus/CG14230/CG1575/Sf3b3/x16/Fib/mute/E(var)3-9/mxc/CG7504/CDC45L/esc/srl/Elba2/Art4
GO:0044391,ribosomal subunit,153,-0.30731742186080196,-1.3299436162885478,0.009302325581395349,0.023529411764705882,0.013535891712866295,4428,"tags=71%, list=44%, signal=40%",RpS13/mRpS9/mRpL51/RpS5a/RpL40/RpL9/RpS20/RpL26/RpS21/RpL10Ab/RpS16/RpL13/mRpL41/RpL22/RpL24/mRpL27/RpL23A/RpL7/mRpS14/RpS8/RpS27/mRpS21/LTV1/RpL13A/RpL27/RpS10b/mRpL36/mRpL2/RpS4/mRpL16/RpL6/RpL18/mRpS17/RpL17/mRpL40/RpL35A/RpL37a/RpL29/mRpL33/mRpS5/mRpS18C/RpL34b/mRpS25/mRpS7/RpL4/mRpS22/eIF2D/RpL30/mRpL45/Rack1/mRpL52/mRpS16/RpS2/mRpS6/mRpL10/mRpS34/mRpL9/RpL34a/mRpS24/mRpL35/mRpL30/mRpL55/mRpL48/mRpL4/mRpL22/mRpL23/mRpL49/mRpL14/mRpS35/mRpL43/mRpS30/mRpL13/mRpS18B/mRpL15/RpL24-like/mRpL18/mRpL20/mRpS28/mRpL46/bonsai/mRpL44/mRpL11/mRpS2/mRpS31/mRpL32/mRpS29/tko/mRpS26/mRpS18A/mRpL50/mRpL38/mRpL17/mRpL54/mRpL12/l(2)10685/CG6769/mRpL19/mRpL3/mRpL1/mRpS23/mRpL21/cav/MCTS1/mRpL39/CG13096/RpLP0-like/Surf6/RpS5b
GO:0005840,ribosome,162,-0.295978531602946,-1.2917021726418805,0.0156794425087108,0.038526630164260826,0.02216342249351602,4428,"tags=70%, list=44%, signal=39%",RpS13/mRpS9/mRpL51/RpS5a/RpL40/RpL9/RpS20/RpL26/RpS21/RpL10Ab/RpS16/RpL13/mRpL41/RpL22/RpL24/mRpL27/RpL23A/RpL7/mRpS14/RpS8/RpS27/mRpS21/LTV1/RpL13A/RpL27/RpS10b/mRpL36/mRpL2/RpS4/mRpL16/RpL6/RpL18/mRpS17/RpL17/mRpL40/RpL35A/RpL37a/RpL29/mRpL33/mRpS5/CG10602/CG12848/mRpS18C/RpL34b/mRpS25/mRpS7/RpL4/mRpS22/eIF2D/RpL30/mRpL45/Rack1/mRpL52/eIF3h/mRpS16/RpS2/mRpS6/mRpL10/mRpS34/mRpL9/RpL34a/mRpS24/mRpL35/mRpL30/mRpL55/mRpL48/mRpL4/mRpL22/mRpL23/mRpL49/mRpL14/mRpS35/mRpL43/mRpS30/mRpL13/mRpS18B/mRpL15/RpL24-like/mRpL18/mRpL20/mRpS28/mRpL46/bonsai/mRpL44/mRpL11/mRpS2/mRpS31/mRpL32/mRpS29/tko/mRpS26/mRpS18A/mRpL50/mRpL38/mRpL17/mRpL54/mRpL12/l(2)10685/CG6769/mRpL19/CG7182/mRpL3/mRpL1/mRpS23/mRpL21/PEK/cav/MCTS1/mRpL39/CG13096/RpLP0-like/Surf6/RpS5b
GO:0044427,chromosomal part,392,-0.60562911226532,-2.894401529080132,0.018518518518518517,0.044238683127572016,0.025449426034221352,2237,"tags=68%, list=22%, signal=55%",CG4751/su(sable)/vtd/Psf2/Sirt1/mbo/enok/Sry-beta/Su(var)2-HP2/Hsp83/REG/Spt5/Pep/Su(var)205/Bx42/DMAP1/Spt6/atms/pds5/Nup62/Sos/Bap111/Cap-H2/Nse4/calypso/smt3/MED17/mof/Psf3/akirin/brm/aurA/CG5543/Gcn5/Cap-G/msl-1/Nuf2/SMC1/Rev1/Sry-delta/nbs/Sld5/tou/z/Drep4/BuGZ/MED22/CG15160/PPP4R2r/CG7137/prod/Hsf/TH1/rad50/Kdm4A/Asx/CG3815/CG15356/cal1/Psc/Chd1/CG6171/Ku80/Jarid2/CG7379/CG34001/ash1/CG11788/E(bx)/Marcal1/CG33051/CG14220/caz/nclb/slx1/Tip60/Mad1/Hira/Mes4/MAGE/barr/Odj/Chro/Mi-2/Hrb87F/Ada3/Sirt7/Su(var)3-7/SC35/EloA/spt4/Ravus/eco/Spindly/dwg/e(y)3/Bap170/Rm62/Brms1/CG32202/Uxt/ball/RpA-70/Nup98-96/Mtor/Bap55/PCID2/E(z)/lawc/phol/mip130/E2f2/Set2/Mis12/Nup153/cav/CG12018/Asciz/Hus1-like/Arp8/Psf1/CG11970/Sce/CG16908/chm/Det/Klp67A/timeout/Snr1/Su(z)12/woc/CG10395/SA/CG31053/mre11/Nnf1b/Nup133/Bin1/Hmr/cbs/su(Hw)/Dp/Smyd5/RpII215/Cp190/CG14803/vig2/glu/Mps1/Kmn1/polybromo/Ndf/Bre1/Ice1/Xpd/Pp4-19C/Rbf/polo/Mlh1/mor/Pc/lin-52/Mau2/Rad17/Nup50/Hmt4-20/Bub3/Bap60/Acf/mad2/Orc4/Ssrp/Cdk12/Setd3/SMC3/NSD/SMC2/Spps/Spc105R/HDAC1/HP1b/Nlp/Su(var)3-3/BubR1/Incenp/AlkB/Tango4/CG8142/Caf1-55/Csl4/La/mms4/Ndc80/DNApol-delta/Zw10/dmt/BEAF-32/His2Av/mu2/DNApol-epsilon58/RPA3/DNApol-epsilon255/spn-B/Cap-D2/Zwilch/CG2129/Oxp/Snm1/rod/SuUR/aurB/Cenp-C/CG12659/Df31/Top2/HmgD/Orc5/c(3)G/HP5/Chd3/G9a/Chrac-16/mip120/Top1/RPA2/Xrcc2/RfC3/RfC38/Nse1/Ctf4/Irbp/CG2990/Sirt6/DNApol-alpha180/DNApol-alpha50/Fkbp39/CG10336/Orc6/CDC45L/Orc2/RfC4/Sse/CG3430/DNApol-alpha73/esc/jumu/DNApol-alpha60/BigH1/Spc25/elg1/HipHop/RecQ4/Mcm10/DNApol-eta/borr/cid/Pif1/Elba2/Rbf2/dup/rhi/Rif1/zld/piwi/Orc1/CycB
GO:1990234,transferase complex,408,-0.39881655291731993,-1.9206765787509463,0.022222222222222223,0.05165165165165165,0.029713924450766555,2785,"tags=52%, list=28%, signal=39%",tth/Pi3K92E/Roc2/Sf3b5/CG2246/Cdc23/lid/vir/mtRNApol/d4/pall/Wdr82/Fbxl4/Rcd5/Taf6/Rpb12/Cul5/RpI12/Cdk9/slmb/Cul4/CG1523/e(y)2/RpII15/TfIIFalpha/temp/hyx/san/hay/CG31460/CG3756/mrn/Rpb8/CG8272/Spt3/SkpA/RpII33/Rep/cerv/APC10/CycK/Gas41/enok/CG5380/CG7275/Socs44A/DMAP1/Taf2/atms/Trf/Nse4/ari-2/Mat1/dgt1/Atg17/APC4/mof/mus205/DCAF12/Gcn5/Rcd1/msl-1/MRG15/CG5608/ari-1/Sin/CG5003/wuho/Cul1/Naa20A/PIG-H/Pdss2/e(y)1/not/Sgf29/z/CG15160/Rpb11/fl(2)d/Atac1/Hakai/RpII140/CG2247/Kdm4A/Psc/Jarid2/dgrn/ash1/Taf7/CG33051/Ssl1/caz/Saf6/Ubr1/CG10254/CG10778/Tip60/shtd/RpIII128/Scm/Mes4/MAGE/Rcp/Rpb5/CG6254/FBXO11/Brd8/Ada3/Taf8/Tango14/Atac3/CG1603/TfIIEalpha/Ncoa6/CG5599/Fbl6/e(y)3/Atu/CG7339/Cfp1/Atac2/CG18600/fs(1)K10/ida/wda/PIG-C/Bap55/Pi3K21B/Tfb4/E(z)/TfIIFbeta/CG12018/Taf5/PIG-A/Cdk7/l(3)73Ah/tam/CG12316/Smurf/Sce/Naa15-16/Spt7/Coq2/chm/Br140/Gdn1/Su(z)12/CG12219/CycH/l(2)37Cg/Rca1/Atg5/put/CG13766/CG12267/RpIIIC53/PIG-Q/RpII215/Mettl14/Xpd/Pc/Pcl/D12/CG6325/Cdk12/Ptip/CG4282/CG9596/RpIIIC160/HDAC1/wds/Ada2b/Tbp/Tango4/Rpb7/Caf1-55/moon/Pa1/mahj/RpI1/gus/DNApol-delta/babo/DNApol-epsilon58/DNApol-epsilon255/CG1575/Sf3b3/CycB3/CG14544/RpI135/E(var)3-9/CG13773/Nse1/Skp2/DNApol-alpha180/DNApol-alpha50/CycD/gcl/icln/DNApol-alpha73/Cks30A/esc/CG4911/png/APC7/DNApol-alpha60/Cdk2/CycJ/Art4/plu/CycA/CycE/gnu/CycB
GO:0005654,nucleoplasm,424,-0.4743183976815747,-2.2552146879803474,0.02631578947368421,0.0595567867036011,0.034261554162414345,2842,"tags=65%, list=28%, signal=48%",CycT/Taf12/rswl/RYBP/Eaf6/MED1/tth/Wdr33/Clic/Daxx/Sf3b5/lid/stx/MED8/bocks/d4/ssp/Wdr82/CG8060/Dlip3/Rcd5/CG9346/Taf6/Rpb12/Cdk9/mars/Ythdc1/Hexim/e(y)2/RpII15/TfIIFalpha/tsr/hyx/hay/MED15/mrn/Rpb8/Spt3/sbr/MED26/Smn/Eaf/RpII33/aop/MBD-like/CG4364/Mnt/MED28/HDAC3/Slu7/CycK/su(sable)/Saf-B/MED14/Gas41/Psf2/Sirt1/mbo/enok/REG/Spt5/CG40228/Caper/Elp2/DMAP1/Spt6/Taf2/atms/Rad23/Trf/CG9636/Mat1/dgt1/CycC/MED17/lark/mof/Psf3/CG12259/Charon/crn/MED18/Gcn5/Rcd1/U2af50/msl-1/Srp54/CG31301/MRG15/MED4/MED16/Fancl/msi/MED20/Sld5/Mapmodulin/e(y)1/not/Sgf29/MED19/Myc/MED22/CG15160/Rpb11/MED25/IntS9/Atac1/CG7137/RpII140/TH1/IntS11/Kdm4A/baf/Cpsf100/CG3815/CG15356/Mad/Jarid2/CG7379/ash1/Taf7/CG11788/Ssl1/CG14220/caz/Saf6/nclb/Sym/Tip60/Mad1/CstF64/Rnp4F/Rpb5/CG6254/Papss/Mi-2/CG11030/CG9215/Hrb87F/Brd8/Ada3/Taf8/CG7239/Atac3/SC35/WDR79/CG13609/EloA/Cpsf73/spt4/CG1603/TfIIEalpha/Ncoa6/Pits/CG14005/CG17806/Fbl6/e(y)3/Atu/RnpS1/Brms1/Ice2/CG1620/Cfp1/CstF50/Nelf-A/Atac2/snRNP-U1-70K/Mtor/fs(1)K10/Ipk2/wda/Fip1/CG11560/Lsm11/Bap55/Tfb4/E(z)/mip130/Elp1/Sap30/Cpsf5/TfIIFbeta/Parg/Taf5/Dek/msk/ebi/Cdk7/Hrb27C/Psf1/CG12316/Spt7/chm/ix/NELF-B/Br140/Lsm10/Gem3/Gdn1/Su(z)12/CG1910/CG12219/CG14805/CycH/CG17328/CG11839/dbe/CG14618/Bin1/glec/RpII215/Elp3/MESR4/Ice1/Xpd/lin-52/Pcl/Mau2/CG3335/D12/Bub3/mad2/Ssrp/SmB/pbl/Cdk12/vers/Ptip/CG4282/MED21/stwl/Clp/HDAC1/wds/Nlp/Ns3/Ada2b/CG1785/Tbp/Cpsf160/Rpb7/Caf1-55/CG11920/CG4038/CG8223/moon/Cdk8/Pa1/gus/Nxt1/CG14230/Nph/CG1575/Sf3b3/x16/Fib/Cse1/mute/E(var)3-9/nxf2/mxc/CG9246/CG7504/CDC45L/dap/esc/srl/CG11164/Elba2/Art4/hb/CBP/zld/piwi
GO:0005694,chromosome,468,-0.5880377513132895,-2.832631380446557,0.04,0.08820512820512821,0.05074224021592442,2237,"tags=64%, list=22%, signal=52%",CG4751/su(sable)/Topors/vtd/Psf2/Sirt1/mbo/enok/Sry-beta/Su(var)2-HP2/Hsp83/REG/Spt5/Pep/Su(var)205/Bx42/DMAP1/Spt6/atms/pds5/wde/Nup62/Trf/Sos/Bap111/Cap-H2/Nse4/calypso/smt3/MED17/mof/Psf3/akirin/Charon/brm/aurA/CG5543/Gcn5/Cap-G/msl-1/Nuf2/SMC1/Rev1/RecQ5/Sry-delta/nbs/Sld5/tou/z/Drep4/pita/BuGZ/MED22/CG15160/PPP4R2r/CG7137/prod/Hsf/TH1/rad50/Kdm4A/Dsor1/Asx/CG3815/CG15356/cal1/Psc/Chd1/CG6171/Ku80/Jarid2/CG7379/CG34001/ash1/thoc5/CG11788/E(bx)/Marcal1/CG33051/CG14220/caz/nclb/slx1/Tip60/Mad1/Hira/Scm/Mes4/MAGE/barr/Odj/Chro/Mi-2/Hrb87F/Ada3/Sirt7/Su(var)3-7/SC35/EloA/abo/spt4/Ravus/eco/Pits/Spindly/dwg/e(y)3/Bap170/Rm62/Brms1/CG32202/Uxt/ball/RpA-70/Nup98-96/usp/Mtor/Bap55/PCID2/E(z)/lawc/phol/mip130/E2f2/Set2/Mis12/Nup153/cav/CG12018/Asciz/Hus1-like/ebi/Arp8/Psf1/CG11970/spn-A/Sce/CG16908/chm/Det/Klp67A/timeout/Snr1/Su(z)12/Fcp1/woc/CG10395/SA/CG31053/mre11/Nnf1b/Top3alpha/Nup133/Bin1/Hmr/cbs/su(Hw)/Dp/Smyd5/RpII215/Cp190/CG14803/vig2/glu/Mps1/Kmn1/polybromo/Ndf/Bre1/Ice1/Xpd/Pp4-19C/Rbf/polo/Mlh1/mor/Pc/lin-52/Mau2/Rad17/Nup50/Hmt4-20/D12/Bub3/Bap60/Acf/mad2/Orc4/Ssrp/Cdk12/Setd3/SMC3/NSD/stwl/SMC2/Spps/PR-Set7/uri/Spc105R/HDAC1/Dref/HP1b/Fign/Nlp/Ada2b/Su(var)3-3/BubR1/Incenp/AlkB/Tango4/CG8142/Caf1-55/Csl4/La/mms4/Ndc80/DNApol-delta/Zw10/dmt/BEAF-32/His2Av/mu2/DNApol-epsilon58/RPA3/DNApol-epsilon255/spn-B/Cap-D2/Zwilch/CG2129/Oxp/Snm1/rod/pch2/SuUR/aurB/Cenp-C/CG12659/Hel25E/Df31/Top2/Rcc1/HmgD/Orc5/Mat89Ba/wapl/c(3)G/HP5/Chd3/G9a/Chrac-16/mip120/Top1/RPA2/mtSSB/Xrcc2/RfC3/RfC38/Nse1/Ctf4/Irbp/CG2990/Sirt6/DNApol-alpha180/DNApol-alpha50/Fkbp39/CG10336/asf1/Orc6/CDC45L/Orc2/RfC4/Sse/CG3430/DNApol-alpha73/esc/jumu/DNApol-alpha60/BigH1/Spc25/elg1/Phf7/HipHop/RecQ4/Mcm10/DNApol-eta/borr/cid/Pif1/Elba2/Rbf2/dup/rhi/Rif1/tef/zld/piwi/Orc1/stg/CycB
